amfi_code,CAGR (%)
100016,2.637074367211101
100025,4.458209619173137
100033,30.12315310072722
101206,23.53836133468803
101207,7.938764837247714
101208,6.509026855465327
102885,18.23237888770595
102886,1.1717454918341197
102887,16.84112024730753
118632,24.049492662391756
118633,16.274217354504273
118634,16.373474033415757
118635,15.957231179671737
118636,5.316889625171273
119092,6.367989237605243
119093,7.897557854375958
119094,28.214417193652032
119095,1.5215045330823962
119120,5.889418716346717
119551,25.804686425584002
119552,21.524235873769705
119598,32.423536152454616
119599,2.054484701809378
120503,18.785325598262204
120504,23.29511862010305
120505,32.82740607461121
120506,17.08486725575018
120507,7.237539728384412
120841,13.53221114899239
120842,6.701543482038463
120843,30.907454754005492
120844,6.915272985067156
125497,19.017795344711462
125498,11.301817123279978
148567,30.974107501859027
148568,22.516869007113847
148569,27.595887986969213
